conversation_id,language,turn,content,assistant_response,compressed_prompt,time_taken,origin_tokens,compressed_tokens,saving
33f01939a744455c869cb234afca47f1,English,1,how can identity protection services help protect me against identity theft,"Identity protection services can help protect you against identity theft in several ways:

1. Monitoring: Many identity protection services monitor your credit reports, public records, and other sources for signs of identity theft. If they detect any suspicious activity, they will alert you so you can take action.
2. Credit freeze: Some identity protection services can help you freeze your credit, which makes it more difficult for thieves to open new accounts in your name.
3. Identity theft insurance: Some identity protection services offer insurance that can help you recover financially if you become a victim of identity theft.
4. Assistance: Many identity protection services offer assistance if you become a victim of identity theft. They can help you file a police report, contact credit bureaus, and other steps to help you restore your identity.

Overall, identity protection services can provide you with peace of mind and help you take proactive steps to protect your identity. However, it's important to note that no service can completely guarantee that you will never become a victim of identity theft. It's still important to take steps to protect your own identity, such as being cautious with personal information and regularly monitoring your credit reports.",identity protection services identity theft,0.03349041938781738,11,5,", Saving $0.0 in GPT-4."
1e230e55efea4edab95db9cb87f6a9cb,English,1,"Beside OFAC's selective sanction that target the listed individiuals and entities, please elaborate on the other types of US's sanctions, for example, comprehensive and sectoral sanctions. Please be detailed as much as possible","The United States has a number of different types of sanctions that it can use to achieve its foreign policy goals, including both selective and comprehensive sanctions.

Selective sanctions are targeted at specific individuals or entities that are believed to be engaged in activities that are contrary to US interests. These sanctions can take a variety of forms, including asset freezes, travel bans, and restrictions on financial transactions. The Office of Foreign Assets Control (OFAC) is the US government agency responsible for implementing and enforcing these types of sanctions.

Comprehensive sanctions, on the other hand, are more broadly based and aim to restrict entire sectors of a country's economy or to impose a broad ban on certain types of activities. Comprehensive sanctions can be used to achieve a variety of foreign policy goals, such as punishing a country for human rights abuses or obstructing US foreign policy.

Sectoral sanctions are a type of comprehensive sanction that target specific sectors of a country's economy. These sanctions are intended to have a broader impact on a country's economy and can be used to target key industries such as oil and gas, banking, or transportation. Sectoral sanctions can include restrictions on the import or export of goods or services, as well as restrictions on investment in certain sectors.

Another type of comprehensive sanction is the ban on US exports to a certain country. This type of sanction can be used to punish a country for engaging in activities that are contrary to US interests, such as selling weapons to terrorist groups or engaging in human rights abuses.

It's worth noting that the US has a wide range of tools at its disposal when it comes to imposing economic sanctions, and the specific type of sanction used will depend on the particular situation and the goals of the US government. Additionally, the US may use a combination of different types of sanctions in order to achieve its objectives.",OFAC's selective sanction listed individiuals entities elaborate other US's sanctions comprehensive sectoral sanctions. detailed,0.03403520584106445,45,22,", Saving $0.0 in GPT-4."
1e230e55efea4edab95db9cb87f6a9cb,English,2,"Beside OFAC's selective sanction that target the listed individiuals and entities, please elaborate on the other types of US's sanctions, for example, comprehensive and sectoral sanctions. Please be detailed as much as possible
The United States has a number of different types of sanctions that it can use to achieve its foreign policy goals, including both selective and comprehensive sanctions.

Selective sanctions are targeted at specific individuals or entities that are believed to be engaged in activities that are contrary to US interests. These sanctions can take a variety of forms, including asset freezes, travel bans, and restrictions on financial transactions. The Office of Foreign Assets Control (OFAC) is the US government agency responsible for implementing and enforcing these types of sanctions.

Comprehensive sanctions, on the other hand, are more broadly based and aim to restrict entire sectors of a country's economy or to impose a broad ban on certain types of activities. Comprehensive sanctions can be used to achieve a variety of foreign policy goals, such as punishing a country for human rights abuses or obstructing US foreign policy.

Sectoral sanctions are a type of comprehensive sanction that target specific sectors of a country's economy. These sanctions are intended to have a broader impact on a country's economy and can be used to target key industries such as oil and gas, banking, or transportation. Sectoral sanctions can include restrictions on the import or export of goods or services, as well as restrictions on investment in certain sectors.

Another type of comprehensive sanction is the ban on US exports to a certain country. This type of sanction can be used to punish a country for engaging in activities that are contrary to US interests, such as selling weapons to terrorist groups or engaging in human rights abuses.

It's worth noting that the US has a wide range of tools at its disposal when it comes to imposing economic sanctions, and the specific type of sanction used will depend on the particular situation and the goals of the US government. Additionally, the US may use a combination of different types of sanctions in order to achieve its objectives.
are there other types of US sanctions that you didn't specified earlier? Please elaborate more","Yes, there are several other types of US sanctions that I haven't mentioned earlier.

One type of sanction that the US uses is the visa ban, which restricts the entry of certain individuals into the US. This type of sanction can be used to punish individuals who are believed to be engaged in activities that are contrary to US interests, such as human rights abuses or the proliferation of weapons of mass destruction.

Another type of sanction that the US uses is the exclusion from the US financial system. This type of sanction can be used to prevent individuals or entities from accessing the US financial system, which can have a significant impact on their ability to conduct business.

The US can also impose sanctions on foreign governments, organizations, or individuals by imposing restrictions on their ability to access the US market. This can include restrictions on the import or export of goods or services, as well as restrictions on investment in the US.

The US can also use targeted sanctions against specific individuals or entities, such as imposing asset freezes or travel bans on specific individuals or entities.

Another type of sanction that the US uses is the blocking of property and interests in property. This can include the freezing of assets or the prohibition of transactions involving specific property.

Finally, the US can use non-economic sanctions, such as diplomatic isolation, public statements of condemnation, and other measures to isolate or stigmatize a target country or entity.

It's important to note that the US has a wide range of tools at its disposal when it comes to imposing sanctions, and the specific type of sanction used will depend on the particular situation and the goals of the US government.",OFAC's selective sanction individiuals entities elaborate on other US's sanctions comprehensive sectoral sanctions detailed United States has different types of sanctions foreign policy goals including selective comprehensive sanctions Selective sanctions specific individuals entities activities contrary to US interests sanctions forms asset freezes travel bans restrictions on financial transactions Office of Foreign Assets Control (OFAC) agency implementing enforcing sanctions Comprehensive sanctions broadly based restrict sectors economy or impose broad ban on certain activities achieve foreign policy goals punishing country for human rights abuses obstructing US foreign policy Sectoral sanctions target specific sectors economy broader impact target key industries oil gas banking transportation sanctions include restrictions on import export of goods services restrictions on investment in certain sectors Another comprehensive sanction ban on US exports to certain country punish country for activities contrary to US interests selling weapons to terrorist groups human rights abuses US has wide range of tools imposing economic sanctions specific type sanction on situation goals US government US may use combination of different types sanctions achieve objectives. other types of US sanctions specified? elaborate more,0.04095792770385742,424,192,", Saving $0.0 in GPT-4."
1e230e55efea4edab95db9cb87f6a9cb,English,3,"Beside OFAC's selective sanction that target the listed individiuals and entities, please elaborate on the other types of US's sanctions, for example, comprehensive and sectoral sanctions. Please be detailed as much as possible
The United States has a number of different types of sanctions that it can use to achieve its foreign policy goals, including both selective and comprehensive sanctions.

Selective sanctions are targeted at specific individuals or entities that are believed to be engaged in activities that are contrary to US interests. These sanctions can take a variety of forms, including asset freezes, travel bans, and restrictions on financial transactions. The Office of Foreign Assets Control (OFAC) is the US government agency responsible for implementing and enforcing these types of sanctions.

Comprehensive sanctions, on the other hand, are more broadly based and aim to restrict entire sectors of a country's economy or to impose a broad ban on certain types of activities. Comprehensive sanctions can be used to achieve a variety of foreign policy goals, such as punishing a country for human rights abuses or obstructing US foreign policy.

Sectoral sanctions are a type of comprehensive sanction that target specific sectors of a country's economy. These sanctions are intended to have a broader impact on a country's economy and can be used to target key industries such as oil and gas, banking, or transportation. Sectoral sanctions can include restrictions on the import or export of goods or services, as well as restrictions on investment in certain sectors.

Another type of comprehensive sanction is the ban on US exports to a certain country. This type of sanction can be used to punish a country for engaging in activities that are contrary to US interests, such as selling weapons to terrorist groups or engaging in human rights abuses.

It's worth noting that the US has a wide range of tools at its disposal when it comes to imposing economic sanctions, and the specific type of sanction used will depend on the particular situation and the goals of the US government. Additionally, the US may use a combination of different types of sanctions in order to achieve its objectives.
are there other types of US sanctions that you didn't specified earlier? Please elaborate more
Yes, there are several other types of US sanctions that I haven't mentioned earlier.

One type of sanction that the US uses is the visa ban, which restricts the entry of certain individuals into the US. This type of sanction can be used to punish individuals who are believed to be engaged in activities that are contrary to US interests, such as human rights abuses or the proliferation of weapons of mass destruction.

Another type of sanction that the US uses is the exclusion from the US financial system. This type of sanction can be used to prevent individuals or entities from accessing the US financial system, which can have a significant impact on their ability to conduct business.

The US can also impose sanctions on foreign governments, organizations, or individuals by imposing restrictions on their ability to access the US market. This can include restrictions on the import or export of goods or services, as well as restrictions on investment in the US.

The US can also use targeted sanctions against specific individuals or entities, such as imposing asset freezes or travel bans on specific individuals or entities.

Another type of sanction that the US uses is the blocking of property and interests in property. This can include the freezing of assets or the prohibition of transactions involving specific property.

Finally, the US can use non-economic sanctions, such as diplomatic isolation, public statements of condemnation, and other measures to isolate or stigmatize a target country or entity.

It's important to note that the US has a wide range of tools at its disposal when it comes to imposing sanctions, and the specific type of sanction used will depend on the particular situation and the goals of the US government.
please make organized conclusion in bullet list on all types of US's sanctions that you have had given the answers","* Selective sanctions: targeted at specific individuals or entities that are believed to be engaged in activities that are contrary to US interests. Examples include asset freezes and travel bans.
* Comprehensive sanctions: aim to restrict entire sectors of a country's economy or to impose a broad ban on certain types of activities. Examples include restrictions on the import or export of goods or services, as well as restrictions on investment in certain sectors.
* Sectoral sanctions: target specific sectors of a country's economy. Examples include restrictions on the import or export of goods or services, as well as restrictions on investment in certain sectors.
* Ban on US exports: used to punish a country for engaging in activities that are contrary to US interests.
* Visa ban: restricts the entry of certain individuals into the US. Can be used to punish individuals who are believed to be engaged in activities that are contrary to US interests.
* Exclusion from the US financial system: prevents individuals or entities from accessing the US financial system. Can have a significant impact on their ability to conduct business.
* Restrictions on access to the US market: can include restrictions on the import or export of goods or services, as well as restrictions on investment in the US.
* Targeted sanctions against specific individuals or entities: can include imposing asset freezes or travel bans on specific individuals or entities.
* Blocking of property and interests in property: can include the freezing of assets or the prohibition of transactions involving specific property.
* Non-economic sanctions: can include diplomatic isolation, public statements of condemnation, and other measures to isolate or stigmatize a target country or entity.

It's important to note that the US has a wide range of tools at its disposal when it comes to imposing sanctions, and the specific type of sanction used will depend on the particular situation and the goals of the US government.",OFAC's selective sanction individiuals entities elaborate on other US's sanctions comprehensive sectoral sanctions. detailed United States has different types of sanctions foreign policy goals including selective comprehensive sanctions Selective sanctions at specific individuals entities activities contrary to US interests sanctions forms asset freezes travel bans restrictions on financial transactions Office of Foreign Assets Control (OFAC) agency implementing enforcing sanctions Comprehensive sanctions broadly based restrict sectors economy or impose broad ban on certain activities achieve foreign policy goals punishing country for human rights abuses obstructing US foreign policy Sectoral sanctions target specific sectors economy broader impact target key industries oil gas banking transportation sanctions include restrictions on import export of goods services restrictions on investment in certain sectors Another comprehensive sanction ban on US exports to certain country punish country for activities contrary to US interests selling weapons to terrorist groups human rights abuses US has wide range of tools imposing economic sanctions specific type sanction on situation goals US government US may use combination of different types sanctions achieve objectives.other types US sanctions didn't specified earlier? elaborate more Yes several other types US sanctions't mentioned earlier. sanction US uses visa ban restricts entry individuals into US sanction punish individuals activities contrary to US interests human rights abuses proliferation of weapons of mass destruction. Another sanction US uses exclusion from US financial system sanction prevent individuals from accessing US financial system impact on business US sanctions on foreign governments organizations individuals restrictions on US market restrictions on import export of goods services restrictions on investment in US US use targeted sanctions against specific individuals entities asset freezes travel bans sanction blocking of property interests freezing assets prohibition of transactions US use non-economic sanctions diplomatic isolation public statements condemnation to isolate stigmatize target country entity US has wide range of tools imposing sanctions specific type sanction on situation goals US government. make organized conclusion in bullet list on all types of US's sanctions given answers,0.0698082447052002,767,349,", Saving $0.0 in GPT-4."
1e230e55efea4edab95db9cb87f6a9cb,English,4,"Beside OFAC's selective sanction that target the listed individiuals and entities, please elaborate on the other types of US's sanctions, for example, comprehensive and sectoral sanctions. Please be detailed as much as possible
The United States has a number of different types of sanctions that it can use to achieve its foreign policy goals, including both selective and comprehensive sanctions.

Selective sanctions are targeted at specific individuals or entities that are believed to be engaged in activities that are contrary to US interests. These sanctions can take a variety of forms, including asset freezes, travel bans, and restrictions on financial transactions. The Office of Foreign Assets Control (OFAC) is the US government agency responsible for implementing and enforcing these types of sanctions.

Comprehensive sanctions, on the other hand, are more broadly based and aim to restrict entire sectors of a country's economy or to impose a broad ban on certain types of activities. Comprehensive sanctions can be used to achieve a variety of foreign policy goals, such as punishing a country for human rights abuses or obstructing US foreign policy.

Sectoral sanctions are a type of comprehensive sanction that target specific sectors of a country's economy. These sanctions are intended to have a broader impact on a country's economy and can be used to target key industries such as oil and gas, banking, or transportation. Sectoral sanctions can include restrictions on the import or export of goods or services, as well as restrictions on investment in certain sectors.

Another type of comprehensive sanction is the ban on US exports to a certain country. This type of sanction can be used to punish a country for engaging in activities that are contrary to US interests, such as selling weapons to terrorist groups or engaging in human rights abuses.

It's worth noting that the US has a wide range of tools at its disposal when it comes to imposing economic sanctions, and the specific type of sanction used will depend on the particular situation and the goals of the US government. Additionally, the US may use a combination of different types of sanctions in order to achieve its objectives.
are there other types of US sanctions that you didn't specified earlier? Please elaborate more
Yes, there are several other types of US sanctions that I haven't mentioned earlier.

One type of sanction that the US uses is the visa ban, which restricts the entry of certain individuals into the US. This type of sanction can be used to punish individuals who are believed to be engaged in activities that are contrary to US interests, such as human rights abuses or the proliferation of weapons of mass destruction.

Another type of sanction that the US uses is the exclusion from the US financial system. This type of sanction can be used to prevent individuals or entities from accessing the US financial system, which can have a significant impact on their ability to conduct business.

The US can also impose sanctions on foreign governments, organizations, or individuals by imposing restrictions on their ability to access the US market. This can include restrictions on the import or export of goods or services, as well as restrictions on investment in the US.

The US can also use targeted sanctions against specific individuals or entities, such as imposing asset freezes or travel bans on specific individuals or entities.

Another type of sanction that the US uses is the blocking of property and interests in property. This can include the freezing of assets or the prohibition of transactions involving specific property.

Finally, the US can use non-economic sanctions, such as diplomatic isolation, public statements of condemnation, and other measures to isolate or stigmatize a target country or entity.

It's important to note that the US has a wide range of tools at its disposal when it comes to imposing sanctions, and the specific type of sanction used will depend on the particular situation and the goals of the US government.
please make organized conclusion in bullet list on all types of US's sanctions that you have had given the answers
* Selective sanctions: targeted at specific individuals or entities that are believed to be engaged in activities that are contrary to US interests. Examples include asset freezes and travel bans.
* Comprehensive sanctions: aim to restrict entire sectors of a country's economy or to impose a broad ban on certain types of activities. Examples include restrictions on the import or export of goods or services, as well as restrictions on investment in certain sectors.
* Sectoral sanctions: target specific sectors of a country's economy. Examples include restrictions on the import or export of goods or services, as well as restrictions on investment in certain sectors.
* Ban on US exports: used to punish a country for engaging in activities that are contrary to US interests.
* Visa ban: restricts the entry of certain individuals into the US. Can be used to punish individuals who are believed to be engaged in activities that are contrary to US interests.
* Exclusion from the US financial system: prevents individuals or entities from accessing the US financial system. Can have a significant impact on their ability to conduct business.
* Restrictions on access to the US market: can include restrictions on the import or export of goods or services, as well as restrictions on investment in the US.
* Targeted sanctions against specific individuals or entities: can include imposing asset freezes or travel bans on specific individuals or entities.
* Blocking of property and interests in property: can include the freezing of assets or the prohibition of transactions involving specific property.
* Non-economic sanctions: can include diplomatic isolation, public statements of condemnation, and other measures to isolate or stigmatize a target country or entity.

It's important to note that the US has a wide range of tools at its disposal when it comes to imposing sanctions, and the specific type of sanction used will depend on the particular situation and the goals of the US government.
can you please revise the answer above again, but this time, make sure to specify which types of sanctions are the sub-category","Sure, here is a revised list of the different types of US sanctions, with the sub-categories included:

* Selective sanctions:
	+ Targeted: aimed at specific individuals or entities
	+ Comprehensive: aimed at entire sectors of a country's economy or at broadly banning certain activities
* Comprehensive sanctions:
	+ Sectoral: target specific sectors of a country's economy
* Sectoral sanctions:
	+ Targeted: aimed at specific sectors of a country's economy
* Ban on US exports:
	+ Used to punish a country for engaging in activities that are contrary to US interests
* Visa ban:
	+ Used to restrict the entry of certain individuals into the US
* Exclusion from the US financial system:
	+ Prevents individuals or entities from accessing the US financial system
* Restrictions on access to the US market:
	+ Can include restrictions on the import or export of goods or services, as well as restrictions on investment in the US
* Targeted sanctions against specific individuals or entities:
	+ Imposing asset freezes or travel bans on specific individuals or entities
* Blocking of property and interests in property:
	+ Freezing of assets or prohibition of transactions involving specific property
* Non-economic sanctions:
	+ Diplomatic isolation, public statements of condemnation, and other measures to isolate or stigmatize a target country or entity

It's important to note that the US has a wide range of tools at its disposal when it comes to imposing sanctions, and the specific type of sanction used will depend on the particular situation and the goals of the US government.",OFAC's selective sanction individiuals entities elaborate on other US's sanctions comprehensive sectoral sanctions. detailed United States has different types of sanctions foreign policy goals including selective comprehensive sanctions Selective sanctions at specific individuals entities activities contrary to US interests sanctions forms asset freezes travel bans restrictions on financial transactions Office of Foreign Assets Control (OFAC) agency implementing enforcing sanctions Comprehensive sanctions broadly based restrict sectors economy or impose broad ban on certain activities achieve foreign policy goals punishing country for human rights abuses obstructing US foreign policy Sectoral sanctions target specific sectors economy broader impact target key industries oil gas banking transportation sanctions include restrictions on import export of goods services restrictions on investment in certain sectors Another comprehensive sanction ban on US exports to certain country punish country for activities contrary to US interests selling weapons to terrorist groups human rights abuses US has wide range of tools imposing economic sanctions specific type sanction on situation goals US government US may use combination of different types sanctions achieve objectives.other types US sanctions specified earlier? elaborate more Yes several other types US sanctions mentioned earlier sanction US uses visa ban restricts entry individuals into US sanction punish individuals activities contrary to US interests human rights abuses proliferation of weapons of mass destruction sanction US exclusion from US financial system sanction prevent individuals accessing US financial system impact on business US sanctions on foreign governments organizations individuals restrictions on US market restrictions on import export goods services restrictions on investment in US US use targeted sanctions against specific individuals asset freezes travel bans sanction blocking of property interests freezing assets prohibition of transactions US use non-economic sanctions diplomatic isolation public statements condemnation to isolate stigmatize target country entity US has wide range of tools imposing sanctions specific type sanction on situation goals US government make organized conclusion bullet list on all types of US's sanctions given answers * Selective sanctions: targeted at specific individuals entities activities contrary to US interests Examples include asset freezes travel bans Comprehensive sanctions restrict entire sectors economy or impose broad ban on certain activities.Examples include restrictions on import export of goods services restrictions investment in certain sectors. Sectoral sanctions target specific sectors country economy include restrictions on import export investment Ban on US exports country for activities contrary to US interests. Visa ban restricts entry individuals into US punish individuals activities contrary to US interests Exclusion from US financial system prevents individuals accessing US financial system impact on business Restrictions on access to US market include restrictions on import export goods services restrictions investment US Targeted sanctions against specific individuals entities include asset freezes travel bans Blocking of property interests freezing assets prohibition of transactions Non-economic sanctions include diplomatic isolation public statements condemnation measures to isolate stigmatize target country entity US has wide range of tools imposing sanctions specific type sanction on situation goals US government revise answer specify types of sanctions sub-category,0.09934234619140625,1158,522,", Saving $0.0 in GPT-4."
1e230e55efea4edab95db9cb87f6a9cb,English,5,"Beside OFAC's selective sanction that target the listed individiuals and entities, please elaborate on the other types of US's sanctions, for example, comprehensive and sectoral sanctions. Please be detailed as much as possible
The United States has a number of different types of sanctions that it can use to achieve its foreign policy goals, including both selective and comprehensive sanctions.

Selective sanctions are targeted at specific individuals or entities that are believed to be engaged in activities that are contrary to US interests. These sanctions can take a variety of forms, including asset freezes, travel bans, and restrictions on financial transactions. The Office of Foreign Assets Control (OFAC) is the US government agency responsible for implementing and enforcing these types of sanctions.

Comprehensive sanctions, on the other hand, are more broadly based and aim to restrict entire sectors of a country's economy or to impose a broad ban on certain types of activities. Comprehensive sanctions can be used to achieve a variety of foreign policy goals, such as punishing a country for human rights abuses or obstructing US foreign policy.

Sectoral sanctions are a type of comprehensive sanction that target specific sectors of a country's economy. These sanctions are intended to have a broader impact on a country's economy and can be used to target key industries such as oil and gas, banking, or transportation. Sectoral sanctions can include restrictions on the import or export of goods or services, as well as restrictions on investment in certain sectors.

Another type of comprehensive sanction is the ban on US exports to a certain country. This type of sanction can be used to punish a country for engaging in activities that are contrary to US interests, such as selling weapons to terrorist groups or engaging in human rights abuses.

It's worth noting that the US has a wide range of tools at its disposal when it comes to imposing economic sanctions, and the specific type of sanction used will depend on the particular situation and the goals of the US government. Additionally, the US may use a combination of different types of sanctions in order to achieve its objectives.
are there other types of US sanctions that you didn't specified earlier? Please elaborate more
Yes, there are several other types of US sanctions that I haven't mentioned earlier.

One type of sanction that the US uses is the visa ban, which restricts the entry of certain individuals into the US. This type of sanction can be used to punish individuals who are believed to be engaged in activities that are contrary to US interests, such as human rights abuses or the proliferation of weapons of mass destruction.

Another type of sanction that the US uses is the exclusion from the US financial system. This type of sanction can be used to prevent individuals or entities from accessing the US financial system, which can have a significant impact on their ability to conduct business.

The US can also impose sanctions on foreign governments, organizations, or individuals by imposing restrictions on their ability to access the US market. This can include restrictions on the import or export of goods or services, as well as restrictions on investment in the US.

The US can also use targeted sanctions against specific individuals or entities, such as imposing asset freezes or travel bans on specific individuals or entities.

Another type of sanction that the US uses is the blocking of property and interests in property. This can include the freezing of assets or the prohibition of transactions involving specific property.

Finally, the US can use non-economic sanctions, such as diplomatic isolation, public statements of condemnation, and other measures to isolate or stigmatize a target country or entity.

It's important to note that the US has a wide range of tools at its disposal when it comes to imposing sanctions, and the specific type of sanction used will depend on the particular situation and the goals of the US government.
please make organized conclusion in bullet list on all types of US's sanctions that you have had given the answers
* Selective sanctions: targeted at specific individuals or entities that are believed to be engaged in activities that are contrary to US interests. Examples include asset freezes and travel bans.
* Comprehensive sanctions: aim to restrict entire sectors of a country's economy or to impose a broad ban on certain types of activities. Examples include restrictions on the import or export of goods or services, as well as restrictions on investment in certain sectors.
* Sectoral sanctions: target specific sectors of a country's economy. Examples include restrictions on the import or export of goods or services, as well as restrictions on investment in certain sectors.
* Ban on US exports: used to punish a country for engaging in activities that are contrary to US interests.
* Visa ban: restricts the entry of certain individuals into the US. Can be used to punish individuals who are believed to be engaged in activities that are contrary to US interests.
* Exclusion from the US financial system: prevents individuals or entities from accessing the US financial system. Can have a significant impact on their ability to conduct business.
* Restrictions on access to the US market: can include restrictions on the import or export of goods or services, as well as restrictions on investment in the US.
* Targeted sanctions against specific individuals or entities: can include imposing asset freezes or travel bans on specific individuals or entities.
* Blocking of property and interests in property: can include the freezing of assets or the prohibition of transactions involving specific property.
* Non-economic sanctions: can include diplomatic isolation, public statements of condemnation, and other measures to isolate or stigmatize a target country or entity.

It's important to note that the US has a wide range of tools at its disposal when it comes to imposing sanctions, and the specific type of sanction used will depend on the particular situation and the goals of the US government.
can you please revise the answer above again, but this time, make sure to specify which types of sanctions are the sub-category
Sure, here is a revised list of the different types of US sanctions, with the sub-categories included:

* Selective sanctions:
	+ Targeted: aimed at specific individuals or entities
	+ Comprehensive: aimed at entire sectors of a country's economy or at broadly banning certain activities
* Comprehensive sanctions:
	+ Sectoral: target specific sectors of a country's economy
* Sectoral sanctions:
	+ Targeted: aimed at specific sectors of a country's economy
* Ban on US exports:
	+ Used to punish a country for engaging in activities that are contrary to US interests
* Visa ban:
	+ Used to restrict the entry of certain individuals into the US
* Exclusion from the US financial system:
	+ Prevents individuals or entities from accessing the US financial system
* Restrictions on access to the US market:
	+ Can include restrictions on the import or export of goods or services, as well as restrictions on investment in the US
* Targeted sanctions against specific individuals or entities:
	+ Imposing asset freezes or travel bans on specific individuals or entities
* Blocking of property and interests in property:
	+ Freezing of assets or prohibition of transactions involving specific property
* Non-economic sanctions:
	+ Diplomatic isolation, public statements of condemnation, and other measures to isolate or stigmatize a target country or entity

It's important to note that the US has a wide range of tools at its disposal when it comes to imposing sanctions, and the specific type of sanction used will depend on the particular situation and the goals of the US government.
if you see a person name stating that it is the registrar of a company in Malta, is registrar is a position and if so, what does he/she do?",,OFAC's selective sanction individiuals entities elaborate on other US's sanctions comprehensive sectoral sanctions. detailed United States has different types of sanctions foreign policy goals including selective comprehensive sanctions Selective sanctions at specific individuals entities activities contrary to US interests sanctions forms asset freezes travel bans restrictions on financial transactions Office of Foreign Assets Control (OFAC) agency implementing enforcing sanctions Comprehensive sanctions broadly based restrict sectors economy or impose broad ban on certain activities achieve foreign policy goals punishing country for human rights abuses obstructing US foreign policy Sectoral sanctions target specific sectors economy broader impact target key industries oil gas banking transportation sanctions include restrictions on import export of goods services restrictions on investment in certain sectors Another comprehensive sanction ban on US exports to certain country punish country for activities contrary to US interests selling weapons to terrorist groups human rights abuses US has wide range of tools imposing economic sanctions specific type sanction on situation goals US government US may use combination of different types sanctions achieve objectives.other types US sanctions specified earlier? elaborate more Yes several other types US sanctions mentioned earlier sanction US uses visa ban restricts entry individuals into US sanction punish individuals activities contrary to US interests human rights abuses proliferation of weapons of mass destruction sanction US exclusion from US financial system sanction prevent individuals accessing US financial system impact on business US sanctions on foreign governments organizations individuals restrictions on US market restrictions on import export goods services restrictions on investment in US US use targeted sanctions against specific individuals asset freezes travel bans sanction blocking of property interests freezing assets prohibition of transactions US use non-economic sanctions diplomatic isolation public statements condemnation to isolate stigmatize target country entity US has wide range of tools imposing sanctions specific type sanction on situation goals US government make organized conclusion bullet list on all types of US's sanctions given answers * Selective sanctions: targeted at specific individuals entities activities contrary to US interests Examples include asset freezes travel bans Comprehensive sanctions restrict entire sectors economy or impose broad ban on certain activities.Examples include restrictions on import export of goods services investment in certain sectors. Sectoral sanctions target specific sectors country economy restrictions on import export investment Ban on US exports country for activities contrary to US interests Visa ban restricts entry individuals into US punish individuals activities contrary to US interests Exclusion from US financial system prevents individuals accessing US financial system impact on business Restrictions on access to US market include restrictions on import export goods services restrictions investment Targeted sanctions against specific individuals entities include asset freezes travel bans Blocking of property interests freezing assets prohibition of transactions Non-economic sanctions include diplomatic isolation public statements condemnation measures to isolate stigmatize target country entity US has wide range of tools imposing sanctions specific type sanction on situation goals US governmentrevise answer specify types of sanctions sub-category revised list of types US sanctions sub-categories included: Selective sanctions Targeted at specific individuals entities Comprehensive entire sectors economy banning certain activities Comprehensive sanctions Sectoral target specific sectors economy Sectoral sanctions Targeted specific sectors Ban on US exports punish country for activities contrary to US interests Visa ban entry individuals US Exclusion from US financial system Prevents individuals from accessing US financial system Restrictions on access to US market include restrictions on import export goods services restrictions on investment US Targeted sanctions against specific individuals entities asset freezes travel bans Blocking of property interests Freezing assets prohibition of transactions Non-economic sanctions Diplomatic isolation public statements condemnation isolate stigmatize target country entity US has wide range of tools imposing sanctions specific type sanction on situation goals US government. person name registrar of company in Malta registrar position what does do?,0.13115382194519043,1511,675,", Saving $0.1 in GPT-4."
1e230e55efea4edab95db9cb87f6a9cb,English,6,"Beside OFAC's selective sanction that target the listed individiuals and entities, please elaborate on the other types of US's sanctions, for example, comprehensive and sectoral sanctions. Please be detailed as much as possible
The United States has a number of different types of sanctions that it can use to achieve its foreign policy goals, including both selective and comprehensive sanctions.

Selective sanctions are targeted at specific individuals or entities that are believed to be engaged in activities that are contrary to US interests. These sanctions can take a variety of forms, including asset freezes, travel bans, and restrictions on financial transactions. The Office of Foreign Assets Control (OFAC) is the US government agency responsible for implementing and enforcing these types of sanctions.

Comprehensive sanctions, on the other hand, are more broadly based and aim to restrict entire sectors of a country's economy or to impose a broad ban on certain types of activities. Comprehensive sanctions can be used to achieve a variety of foreign policy goals, such as punishing a country for human rights abuses or obstructing US foreign policy.

Sectoral sanctions are a type of comprehensive sanction that target specific sectors of a country's economy. These sanctions are intended to have a broader impact on a country's economy and can be used to target key industries such as oil and gas, banking, or transportation. Sectoral sanctions can include restrictions on the import or export of goods or services, as well as restrictions on investment in certain sectors.

Another type of comprehensive sanction is the ban on US exports to a certain country. This type of sanction can be used to punish a country for engaging in activities that are contrary to US interests, such as selling weapons to terrorist groups or engaging in human rights abuses.

It's worth noting that the US has a wide range of tools at its disposal when it comes to imposing economic sanctions, and the specific type of sanction used will depend on the particular situation and the goals of the US government. Additionally, the US may use a combination of different types of sanctions in order to achieve its objectives.
are there other types of US sanctions that you didn't specified earlier? Please elaborate more
Yes, there are several other types of US sanctions that I haven't mentioned earlier.

One type of sanction that the US uses is the visa ban, which restricts the entry of certain individuals into the US. This type of sanction can be used to punish individuals who are believed to be engaged in activities that are contrary to US interests, such as human rights abuses or the proliferation of weapons of mass destruction.

Another type of sanction that the US uses is the exclusion from the US financial system. This type of sanction can be used to prevent individuals or entities from accessing the US financial system, which can have a significant impact on their ability to conduct business.

The US can also impose sanctions on foreign governments, organizations, or individuals by imposing restrictions on their ability to access the US market. This can include restrictions on the import or export of goods or services, as well as restrictions on investment in the US.

The US can also use targeted sanctions against specific individuals or entities, such as imposing asset freezes or travel bans on specific individuals or entities.

Another type of sanction that the US uses is the blocking of property and interests in property. This can include the freezing of assets or the prohibition of transactions involving specific property.

Finally, the US can use non-economic sanctions, such as diplomatic isolation, public statements of condemnation, and other measures to isolate or stigmatize a target country or entity.

It's important to note that the US has a wide range of tools at its disposal when it comes to imposing sanctions, and the specific type of sanction used will depend on the particular situation and the goals of the US government.
please make organized conclusion in bullet list on all types of US's sanctions that you have had given the answers
* Selective sanctions: targeted at specific individuals or entities that are believed to be engaged in activities that are contrary to US interests. Examples include asset freezes and travel bans.
* Comprehensive sanctions: aim to restrict entire sectors of a country's economy or to impose a broad ban on certain types of activities. Examples include restrictions on the import or export of goods or services, as well as restrictions on investment in certain sectors.
* Sectoral sanctions: target specific sectors of a country's economy. Examples include restrictions on the import or export of goods or services, as well as restrictions on investment in certain sectors.
* Ban on US exports: used to punish a country for engaging in activities that are contrary to US interests.
* Visa ban: restricts the entry of certain individuals into the US. Can be used to punish individuals who are believed to be engaged in activities that are contrary to US interests.
* Exclusion from the US financial system: prevents individuals or entities from accessing the US financial system. Can have a significant impact on their ability to conduct business.
* Restrictions on access to the US market: can include restrictions on the import or export of goods or services, as well as restrictions on investment in the US.
* Targeted sanctions against specific individuals or entities: can include imposing asset freezes or travel bans on specific individuals or entities.
* Blocking of property and interests in property: can include the freezing of assets or the prohibition of transactions involving specific property.
* Non-economic sanctions: can include diplomatic isolation, public statements of condemnation, and other measures to isolate or stigmatize a target country or entity.

It's important to note that the US has a wide range of tools at its disposal when it comes to imposing sanctions, and the specific type of sanction used will depend on the particular situation and the goals of the US government.
can you please revise the answer above again, but this time, make sure to specify which types of sanctions are the sub-category
Sure, here is a revised list of the different types of US sanctions, with the sub-categories included:

* Selective sanctions:
	+ Targeted: aimed at specific individuals or entities
	+ Comprehensive: aimed at entire sectors of a country's economy or at broadly banning certain activities
* Comprehensive sanctions:
	+ Sectoral: target specific sectors of a country's economy
* Sectoral sanctions:
	+ Targeted: aimed at specific sectors of a country's economy
* Ban on US exports:
	+ Used to punish a country for engaging in activities that are contrary to US interests
* Visa ban:
	+ Used to restrict the entry of certain individuals into the US
* Exclusion from the US financial system:
	+ Prevents individuals or entities from accessing the US financial system
* Restrictions on access to the US market:
	+ Can include restrictions on the import or export of goods or services, as well as restrictions on investment in the US
* Targeted sanctions against specific individuals or entities:
	+ Imposing asset freezes or travel bans on specific individuals or entities
* Blocking of property and interests in property:
	+ Freezing of assets or prohibition of transactions involving specific property
* Non-economic sanctions:
	+ Diplomatic isolation, public statements of condemnation, and other measures to isolate or stigmatize a target country or entity

It's important to note that the US has a wide range of tools at its disposal when it comes to imposing sanctions, and the specific type of sanction used will depend on the particular situation and the goals of the US government.
if you see a person name stating that it is the registrar of a company in Malta, is registrar is a position and if so, what does he/she do?

if you see a person's name stating that it is the registrar of a company in Malta, is registrar a position in that company? and if so, what does he/she do?",,OFAC's selective sanction individiuals entities elaborate on other US's sanctions comprehensive sectoral sanctions. detailed United States has different types of sanctions foreign policy goals including selective comprehensive sanctions Selective sanctions at specific individuals entities activities contrary to US interests sanctions forms asset freezes travel bans restrictions on financial transactions Office of Foreign Assets Control (OFAC) agency implementing enforcing sanctions Comprehensive sanctions broadly based restrict sectors economy or impose broad ban on certain activities achieve foreign policy goals punishing country for human rights abuses obstructing US foreign policy Sectoral sanctions target specific sectors economy broader impact target key industries oil gas banking transportation sanctions include restrictions on import export of goods services restrictions on investment in certain sectors Another comprehensive sanction ban on US exports to certain country punish country for activities contrary to US interests selling weapons to terrorist groups human rights abuses US has wide range of tools imposing economic sanctions specific type sanction on situation goals US government US may use combination of different types sanctions achieve objectives.other types US sanctions specified earlier? elaborate more Yes several other types US sanctions mentioned earlier sanction US uses visa ban restricts entry individuals into US sanction punish individuals activities contrary to US interests human rights abuses proliferation of weapons of mass destruction sanction US exclusion from US financial system sanction prevent individuals accessing US financial system impact on business US sanctions on foreign governments organizations individuals restrictions on US market restrictions on import export goods services restrictions on investment in US US use targeted sanctions against specific individuals asset freezes travel bans sanction blocking of property interests freezing assets prohibition of transactions US use non-economic sanctions diplomatic isolation public statements condemnation to isolate stigmatize target country entity US has wide range of tools imposing sanctions specific type sanction on situation goals US government make organized conclusion bullet list on all types of US's sanctions given answers * Selective sanctions: targeted at specific individuals entities activities contrary to US interests Examples include asset freezes travel bans Comprehensive sanctions restrict entire sectors economy or impose broad ban on certain activities.Examples include restrictions on import export of goods services investment in certain sectors. Sectoral sanctions target specific sectors country economy restrictions on import export investment Ban on US exports country for activities contrary to US interests Visa ban restricts entry individuals into US punish individuals activities contrary to US interests Exclusion from US financial system prevents individuals accessing US financial system impact on business Restrictions on access to US market include restrictions on import export goods services restrictions investment Targeted sanctions against specific individuals entities include asset freezes travel bans Blocking of property interests freezing assets prohibition of transactions Non-economic sanctions include diplomatic isolation public statements condemnation measures to isolate stigmatize target country entity US has wide range of tools imposing sanctions specific type sanction on situation goals US governmentrevise answer specify types of sanctions sub-category revised list of types US sanctions sub-categories included: Selective sanctions Targeted at specific individuals or entities Comprehensive: at entire sectors economy broadly banning certain activities Comprehensive sanctions Sectoral target specific sectors economy Sectoral sanctions Targeted specific sectors Ban on US exports punish country for activities contrary to US interests Visa ban restrict entry individuals into US Exclusion from US financial system Prevents individuals from accessing US financial system Restrictions on access to US market include restrictions on import or export of goods services restrictions on investment US Targeted sanctions against specific individuals entities asset freezes travel bans Blocking of property interests Freezing assets prohibition of transactions specific property Non-economic sanctions Diplomatic isolation public statements condemnation measures to isolate or stigmatize target country entity US has wide range of tools imposing sanctions specific type sanction on situation goals US government person name registrar of company in Malta registrar position what do registrar registrar position? do?,0.1320178508758545,1548,691,", Saving $0.1 in GPT-4."
0f623736051f4a48a506fd5933563cfd,English,1,"You are the text completion model and you must complete the assistant answer below, only send the completion based on the system instructions.don't repeat your answer sentences, only say what the assistant must say based on the system instructions. repeating same thing in same answer not allowed.
user: descriptive answer for append many items to list python in python with proper code examples and outputs.
assistant: ","To append many items to a list in Python, you can use the `append()` method of the list. This method takes a single argument, which is the item that you want to add to the end of the list. Here is an example of how to use the `append()` method to add several items to a list:
```
# create an empty list
my_list = []

# add several items to the list using the append() method
my_list.append(1)
my_list.append(2)
my_list.append(3)
my_list.append(4)

# print the list
print(my_list)
# Output: [1, 2, 3, 4]
```
You can also use a for loop to add multiple items to a list at once. Here is an example of how to do this:
```
# create an empty list
my_list = []

# use a for loop to add several items to the list
for i in range(5, 10):
    my_list.append(i)

# print the list
print(my_list)
# Output: [5, 6, 7, 8, 9]
```",text completion model complete assistant answer send completion system instructions't repeat answer say assistant system instructions repeating same answer not allowed user descriptive answer append items list python code examples outputs assistant:,0.03501152992248535,77,34,", Saving $0.0 in GPT-4."
e5c923a7fa3f4893beb432b4a06ef222,English,1,"The sum of the perimeters of three equal squares is 36 cm. Find the area and perimeter of
of the rectangle that can be made of the squares.","The perimeter of one square is 36 / 3 = 12 cm.
The side of one square is 12 / 4 = 3 cm.
The area of one square is 3 * 3 = 9 cm^2.
The area of the rectangle that can be made of the squares is 3 * 9 = 27 cm^2.
The perimeter of the rectangle is 2 * (3 + 9) = 24 cm.",sum perimeters three squares 36 cm. Find area perimeter rectangle made squares.,0.03331732749938965,33,16,", Saving $0.0 in GPT-4."
e5c923a7fa3f4893beb432b4a06ef222,English,2,"The sum of the perimeters of three equal squares is 36 cm. Find the area and perimeter of
of the rectangle that can be made of the squares.
The perimeter of one square is 36 / 3 = 12 cm.
The side of one square is 12 / 4 = 3 cm.
The area of one square is 3 * 3 = 9 cm^2.
The area of the rectangle that can be made of the squares is 3 * 9 = 27 cm^2.
The perimeter of the rectangle is 2 * (3 + 9) = 24 cm.
ty",You're welcome!,perimeters three squares 36 cm Find area perimeter rectangle perimeter square 36 / 3 = 12 cm side 12 / 4 = 3 cm area 3 * 3 = 9 cm^2. rectangle 3 * 9 = 27 cm^2. perimeter 2 * (3 + 9) = 24 cm,0.0341639518737793,129,72,", Saving $0.0 in GPT-4."
8ad66650dced4b728de1d14bb04657c1,English,1,"What is the type of the variables in the following code defined as in WebIDL
`() => device.gatt.getPrimaryService('health_thermometer')`","The arrow function `() => device.gatt.getPrimaryService('health_thermometer')` is defined using the syntax of ECMAScript 6 (ES6). In this context, the type of the variable would depend on the type returned by the `getPrimaryService()` method.

Assuming that `device.gatt.getPrimaryService('health_thermometer')` returns a Promise that resolves to a `DeviceService` object, the type of the variable could be defined as follows:
```typescript
let deviceService: Promise<DeviceService> = () => device.gatt.getPrimaryService('health_thermometer')
```
In this example, the type is `Promise<DeviceService>`, which indicates that the variable is a Promise that resolves to a `DeviceService` object.",type of variables in code WebIDL device.gatt.getPrimaryService('health_thermometer',0.037225961685180664,33,20,", Saving $0.0 in GPT-4."
